,ID,target
0,test_2,1
1,test_3,0
2,test_4,0
3,test_8,1
4,test_9,0
5,test_10,0
6,test_11,0
7,test_14,0
8,test_16,1
9,test_19,1
10,test_20,0
11,test_22,1
12,test_23,1
13,test_24,1
14,test_26,1
15,test_27,1
16,test_28,0
17,test_30,0
18,test_33,0
19,test_34,1
20,test_35,1
21,test_36,0
22,test_37,1
23,test_40,0
24,test_41,1
25,test_42,1
26,test_43,1
27,test_44,1
28,test_45,0
29,test_46,0
30,test_48,0
31,test_49,0
32,test_51,0
33,test_52,0
34,test_53,1
35,test_54,0
36,test_55,1
37,test_56,0
38,test_58,1
39,test_59,0
40,test_63,1
41,test_64,0
42,test_65,1
43,test_66,1
44,test_67,0
45,test_69,1
46,test_70,1
47,test_71,0
48,test_72,0
49,test_75,0
50,test_76,1
51,test_78,1
52,test_80,0
53,test_81,1
54,test_83,0
55,test_85,0
56,test_90,0
57,test_92,1
58,test_93,0
59,test_94,0
60,test_95,1
61,test_96,0
62,test_97,1
63,test_98,0
64,test_101,0
65,test_102,1
66,test_103,0
67,test_105,0
68,test_106,0
69,test_107,1
70,test_108,1
71,test_109,0
72,test_110,0
73,test_111,1
74,test_112,1
75,test_115,0
76,test_116,0
77,test_119,1
78,test_120,0
79,test_123,0
80,test_124,1
81,test_125,0
82,test_126,1
83,test_127,0
84,test_130,1
85,test_132,0
86,test_133,1
87,test_134,1
88,test_136,1
89,test_137,0
90,test_138,0
91,test_140,0
92,test_141,0
93,test_142,1
94,test_143,0
95,test_145,1
96,test_146,0
97,test_147,1
98,test_148,1
99,test_149,1
100,test_150,0
101,test_151,0
102,test_153,0
103,test_154,0
104,test_157,0
105,test_158,0
106,test_160,0
107,test_163,0
108,test_165,0
109,test_167,0
110,test_168,1
111,test_169,1
112,test_170,1
113,test_171,0
114,test_172,1
115,test_173,1
116,test_174,1
117,test_175,0
118,test_176,0
119,test_177,1
120,test_178,0
121,test_179,0
122,test_181,0
123,test_184,0
124,test_186,0
125,test_188,0
126,test_189,1
127,test_190,1
128,test_192,0
129,test_193,0
130,test_195,1
131,test_196,0
132,test_197,0
133,test_198,1
134,test_201,1
135,test_202,1
136,test_203,0
137,test_208,1
138,test_209,1
139,test_210,0
140,test_211,1
141,test_212,0
142,test_213,0
143,test_214,1
144,test_215,0
145,test_216,0
146,test_218,0
147,test_219,1
148,test_220,1
149,test_221,1
150,test_222,0
151,test_223,0
152,test_224,1
153,test_226,1
154,test_227,0
155,test_229,1
156,test_231,0
157,test_232,1
158,test_233,0
159,test_234,0
160,test_236,0
161,test_238,0
162,test_240,1
163,test_241,0
164,test_242,0
165,test_243,0
166,test_244,0
167,test_245,0
168,test_250,0
169,test_251,1
170,test_252,1
171,test_253,1
172,test_254,1
173,test_256,1
174,test_258,0
175,test_259,0
176,test_260,1
177,test_261,0
178,test_263,0
179,test_264,0
180,test_266,0
181,test_267,0
182,test_268,0
183,test_269,0
184,test_270,1
185,test_272,1
186,test_273,1
187,test_275,0
188,test_276,0
189,test_277,0
190,test_279,1
191,test_281,1
192,test_282,0
193,test_283,0
194,test_284,0
195,test_285,0
196,test_286,0
197,test_289,0
198,test_290,0
199,test_291,0
200,test_302,0
201,test_303,1
202,test_304,0
203,test_306,1
204,test_308,0
205,test_309,0
206,test_310,0
207,test_311,0
208,test_312,0
209,test_313,0
210,test_316,0
211,test_318,0
212,test_319,0
213,test_321,0
214,test_330,1
215,test_331,1
216,test_334,1
217,test_335,0
218,test_337,0
219,test_338,1
220,test_339,1
221,test_340,0
222,test_342,1
223,test_344,0
224,test_345,0
225,test_346,0
226,test_347,1
227,test_348,0
228,test_349,1
229,test_350,0
230,test_351,0
231,test_352,1
232,test_353,0
233,test_354,0
234,test_356,1
235,test_359,0
236,test_360,0
237,test_361,1
238,test_363,0
239,test_365,1
240,test_366,0
241,test_367,1
242,test_368,0
243,test_369,1
244,test_371,1
245,test_372,0
246,test_373,1
247,test_375,1
248,test_378,1
249,test_380,1
250,test_381,0
251,test_383,0
252,test_384,0
253,test_385,0
254,test_386,1
255,test_388,1
256,test_389,0
257,test_390,0
258,test_393,1
259,test_394,1
260,test_395,1
261,test_396,1
262,test_397,1
263,test_398,0
264,test_401,1
265,test_402,0
266,test_403,0
267,test_406,0
268,test_407,1
269,test_410,0
270,test_411,0
271,test_412,1
272,test_413,0
273,test_414,1
274,test_416,0
275,test_417,1
276,test_418,0
277,test_419,0
278,test_420,0
279,test_421,1
280,test_423,0
281,test_424,1
282,test_426,0
283,test_428,1
284,test_429,1
285,test_430,0
286,test_431,0
287,test_432,1
288,test_435,1
289,test_436,0
290,test_437,0
291,test_438,1
292,test_441,0
293,test_442,0
294,test_444,1
295,test_445,0
296,test_446,0
297,test_447,0
298,test_448,0
299,test_449,0
300,test_450,1
301,test_452,0
302,test_453,1
303,test_454,0
304,test_455,0
305,test_456,0
306,test_457,0
307,test_458,0
308,test_459,0
309,test_461,0
310,test_463,1
311,test_464,0
312,test_465,1
313,test_466,1
314,test_467,0
315,test_470,0
316,test_471,0
317,test_473,1
318,test_474,0
319,test_475,1
320,test_476,0
321,test_477,0
322,test_478,0
323,test_479,1
324,test_481,0
325,test_482,0
326,test_483,0
327,test_484,1
328,test_485,1
329,test_486,0
330,test_487,0
331,test_488,1
332,test_489,0
333,test_490,1
334,test_491,0
335,test_492,0
336,test_494,1
337,test_496,0
338,test_497,0
339,test_498,0
340,test_499,1
341,test_500,0
342,test_501,1
343,test_502,0
344,test_504,1
345,test_505,1
346,test_507,0
347,test_508,0
348,test_509,0
349,test_510,0
350,test_511,0
351,test_512,1
352,test_513,1
353,test_516,1
354,test_517,0
355,test_518,1
356,test_520,1
357,test_521,0
358,test_524,0
359,test_525,1
360,test_526,0
361,test_527,1
362,test_530,0
363,test_533,0
364,test_534,1
365,test_535,0
366,test_536,0
367,test_537,0
368,test_539,0
369,test_540,0
370,test_542,1
371,test_544,1
372,test_548,1
373,test_550,0
374,test_551,0
375,test_552,1
376,test_554,1
377,test_555,0
378,test_557,1
379,test_560,1
380,test_561,0
381,test_562,0
382,test_563,1
383,test_565,0
384,test_568,1
385,test_569,0
386,test_570,0
387,test_571,1
388,test_572,1
389,test_573,1
390,test_574,0
391,test_575,1
392,test_576,0
393,test_579,0
394,test_580,1
395,test_581,0
396,test_582,0
397,test_583,1
398,test_585,0
399,test_586,1
400,test_587,0
401,test_590,0
402,test_591,0
403,test_593,1
404,test_595,0
405,test_596,0
406,test_597,0
407,test_598,1
408,test_599,0
409,test_600,1
410,test_601,1
411,test_602,0
412,test_603,1
413,test_604,0
414,test_605,1
415,test_606,1
416,test_607,0
417,test_608,0
418,test_609,0
419,test_610,0
420,test_613,0
421,test_614,0
422,test_615,0
423,test_616,0
424,test_617,0
425,test_619,0
426,test_620,0
427,test_622,0
428,test_625,0
429,test_626,0
430,test_627,0
431,test_628,0
432,test_629,1
433,test_631,0
434,test_632,0
435,test_634,1
436,test_635,0
437,test_637,0
438,test_638,1
439,test_639,0
440,test_640,0
441,test_641,0
442,test_642,1
443,test_644,0
444,test_645,0
445,test_647,0
446,test_648,1
447,test_649,0
448,test_650,1
449,test_651,1
450,test_653,0
451,test_655,0
452,test_656,0
453,test_657,1
454,test_658,1
455,test_659,0
456,test_661,1
457,test_662,0
458,test_664,0
459,test_667,0
460,test_669,1
461,test_672,1
462,test_674,1
463,test_675,0
464,test_676,0
465,test_677,0
466,test_679,1
467,test_680,0
468,test_681,1
469,test_682,0
470,test_688,0
471,test_689,1
472,test_690,1
473,test_691,0
474,test_693,0
475,test_695,0
476,test_696,1
477,test_697,0
478,test_698,1
479,test_699,0
480,test_701,0
481,test_703,0
482,test_704,0
483,test_705,0
484,test_706,0
485,test_709,0
486,test_711,0
487,test_713,0
488,test_714,1
489,test_715,0
490,test_716,0
491,test_717,1
492,test_718,0
493,test_719,0
494,test_722,0
495,test_723,0
496,test_724,1
497,test_726,0
498,test_727,1
499,test_732,1
500,test_734,1
501,test_735,0
502,test_736,1
503,test_738,1
504,test_739,0
505,test_740,1
506,test_741,0
507,test_743,0
508,test_744,0
509,test_746,0
510,test_748,1
511,test_749,1
512,test_751,0
513,test_752,1
514,test_754,1
515,test_755,0
516,test_756,1
517,test_757,0
518,test_758,1
519,test_760,0
520,test_761,0
521,test_762,0
522,test_766,0
523,test_767,0
524,test_768,0
525,test_771,0
526,test_772,0
527,test_773,0
528,test_776,1
529,test_777,0
530,test_778,1
531,test_780,1
532,test_782,0
533,test_784,0
534,test_785,1
535,test_786,1
536,test_789,1
537,test_790,1
538,test_791,0
539,test_792,1
540,test_793,0
541,test_794,1
542,test_795,0
543,test_797,0
544,test_802,1
545,test_803,1
546,test_806,0
547,test_807,0
548,test_808,1
549,test_809,0
550,test_810,0
551,test_811,0
552,test_813,0
553,test_814,0
554,test_815,0
555,test_817,1
556,test_818,1
557,test_819,1
558,test_820,0
559,test_821,0
560,test_826,0
561,test_827,1
562,test_828,1
563,test_832,0
564,test_835,0
565,test_837,0
566,test_838,1
567,test_840,0
568,test_841,1
569,test_843,0
570,test_844,0
571,test_848,1
572,test_849,1
573,test_850,1
574,test_851,0
575,test_852,0
576,test_853,1
577,test_854,0
578,test_856,0
579,test_857,0
580,test_860,1
581,test_861,1
582,test_862,0
583,test_863,0
584,test_864,1
585,test_865,1
586,test_867,0
587,test_868,0
588,test_870,1
589,test_871,0
590,test_873,1
591,test_876,1
592,test_879,0
593,test_880,1
594,test_881,0
595,test_883,0
596,test_884,1
597,test_885,1
598,test_886,1
599,test_887,0
600,test_890,1
601,test_891,1
602,test_892,1
603,test_893,0
604,test_895,1
605,test_897,0
606,test_898,1
607,test_899,1
608,test_900,1
609,test_901,0
610,test_902,0
611,test_903,0
612,test_904,0
613,test_905,0
614,test_908,0
615,test_910,1
616,test_911,1
617,test_912,1
618,test_913,0
619,test_916,0
620,test_917,1
621,test_919,0
622,test_920,1
623,test_921,0
624,test_922,1
625,test_924,0
626,test_925,0
627,test_926,0
628,test_927,0
629,test_929,1
630,test_930,0
631,test_931,0
632,test_932,1
633,test_933,1
634,test_935,1
635,test_937,1
636,test_939,0
637,test_940,0
638,test_942,1
639,test_943,0
640,test_944,1
641,test_947,0
642,test_949,1
643,test_950,1
644,test_951,1
645,test_952,0
646,test_953,0
647,test_955,0
648,test_956,0
649,test_957,0
650,test_960,1
651,test_961,0
652,test_963,1
653,test_964,0
654,test_965,1
655,test_968,1
656,test_970,1
657,test_971,0
658,test_972,0
659,test_973,0
660,test_975,0
661,test_979,0
662,test_980,0
663,test_983,1
664,test_984,0
665,test_985,0
666,test_986,0
667,test_988,0
668,test_989,0
669,test_991,0
670,test_992,0
671,test_993,0
672,test_997,1
673,test_998,0
674,test_1002,1
675,test_1003,1
676,test_1004,1
677,test_1005,0
678,test_1007,1
679,test_1009,0
680,test_1011,0
681,test_1014,1
682,test_1015,1
683,test_1016,0
684,test_1017,0
685,test_1019,0
686,test_1020,1
687,test_1021,0
688,test_1022,1
689,test_1023,0
690,test_1024,0
691,test_1025,0
692,test_1027,1
693,test_1028,0
694,test_1029,0
695,test_1030,0
696,test_1032,1
697,test_1034,1
698,test_1035,1
699,test_1038,1
700,test_1039,0
701,test_1040,0
702,test_1041,1
703,test_1043,0
704,test_1044,0
705,test_1045,0
706,test_1047,0
707,test_1048,0
708,test_1050,0
709,test_1051,0
710,test_1052,0
711,test_1053,1
712,test_1055,0
713,test_1056,0
714,test_1058,0
715,test_1059,0
716,test_1060,0
717,test_1061,0
718,test_1062,1
719,test_1063,0
720,test_1064,0
721,test_1065,0
722,test_1066,0
723,test_1069,0
724,test_1070,0
725,test_1074,0
726,test_1075,1
727,test_1077,1
728,test_1078,0
729,test_1079,1
730,test_1080,1
731,test_1081,1
732,test_1082,1
733,test_1083,1
734,test_1084,0
735,test_1085,1
736,test_1086,0
737,test_1087,1
738,test_1088,0
739,test_1090,0
740,test_1093,1
741,test_1094,0
742,test_1095,1
743,test_1096,0
744,test_1098,1
745,test_1103,0
746,test_1104,0
747,test_1105,1
748,test_1107,1
749,test_1108,0
750,test_1109,0
751,test_1110,0
752,test_1111,0
753,test_1114,0
754,test_1117,0
755,test_1118,0
756,test_1119,1
757,test_1120,0
758,test_1121,0
759,test_1122,0
760,test_1123,0
761,test_1124,1
762,test_1126,1
763,test_1127,0
764,test_1128,0
765,test_1129,1
766,test_1133,0
767,test_1135,0
768,test_1136,0
769,test_1137,0
770,test_1138,0
771,test_1139,0
772,test_1143,0
773,test_1144,0
774,test_1145,1
775,test_1146,0
776,test_1147,1
777,test_1148,0
778,test_1149,1
779,test_1150,1
780,test_1152,0
781,test_1153,0
782,test_1154,1
783,test_1155,0
784,test_1156,1
785,test_1157,0
786,test_1161,1
787,test_1163,0
788,test_1164,1
789,test_1165,1
790,test_1166,1
791,test_1167,1
792,test_1172,0
793,test_1173,0
794,test_1174,0
795,test_1175,0
796,test_1176,0
797,test_1178,1
798,test_1179,1
799,test_1180,1
800,test_1181,0
801,test_1182,1
802,test_1183,1
803,test_1184,1
804,test_1186,0
805,test_1187,0
806,test_1188,1
807,test_1189,0
808,test_1190,0
809,test_1192,1
810,test_1193,0
811,test_1194,1
812,test_1195,0
813,test_1196,0
814,test_1197,1
815,test_1198,0
816,test_1199,1
817,test_1200,1
818,test_1202,1
819,test_1204,1
820,test_1205,1
821,test_1206,0
822,test_1207,1
823,test_1208,0
824,test_1211,1
825,test_1212,1
826,test_1213,1
827,test_1214,0
828,test_1217,0
829,test_1219,1
830,test_1220,1
831,test_1221,0
832,test_1223,1
833,test_1224,1
834,test_1226,1
835,test_1227,0
836,test_1228,0
837,test_1230,1
838,test_1231,0
839,test_1232,1
840,test_1234,0
841,test_1237,0
842,test_1238,0
843,test_1241,1
844,test_1243,0
845,test_1244,0
846,test_1249,1
847,test_1251,0
848,test_1253,0
849,test_1255,1
850,test_1257,1
851,test_1259,0
852,test_1260,0
853,test_1261,0
854,test_1262,1
855,test_1263,1
856,test_1266,1
857,test_1267,1
858,test_1270,0
859,test_1271,0
860,test_1273,0
861,test_1274,1
862,test_1275,0
863,test_1276,0
864,test_1277,1
865,test_1281,1
866,test_1284,1
867,test_1287,0
868,test_1289,1
869,test_1290,0
870,test_1293,1
871,test_1294,0
872,test_1295,1
873,test_1296,0
874,test_1297,1
875,test_1298,1
876,test_1299,0
877,test_1301,1
878,test_1303,0
879,test_1305,0
880,test_1306,1
881,test_1307,1
882,test_1308,0
883,test_1309,0
884,test_1310,0
885,test_1311,1
886,test_1312,1
887,test_1313,1
888,test_1314,0
889,test_1317,0
890,test_1320,1
891,test_1323,0
892,test_1325,0
893,test_1326,0
894,test_1329,1
895,test_1330,1
896,test_1332,1
897,test_1333,0
898,test_1334,0
899,test_1335,1
900,test_1336,0
901,test_1337,0
902,test_1338,1
903,test_1341,0
904,test_1342,1
905,test_1343,1
906,test_1345,0
907,test_1348,1
908,test_1351,1
909,test_1353,1
910,test_1354,0
911,test_1357,0
912,test_1358,0
913,test_1361,0
914,test_1362,0
915,test_1363,0
916,test_1364,0
917,test_1365,1
918,test_1366,1
919,test_1367,0
920,test_1369,0
921,test_1371,1
922,test_1372,0
923,test_1373,0
924,test_1375,1
925,test_1376,0
926,test_1379,1
927,test_1380,1
928,test_1381,0
929,test_1382,1
930,test_1383,0
931,test_1384,0
932,test_1385,0
933,test_1387,0
934,test_1388,1
935,test_1391,1
936,test_1392,0
937,test_1393,0
938,test_1394,0
939,test_1397,0
940,test_1399,0
941,test_1400,0
942,test_1402,1
943,test_1403,0
944,test_1404,0
945,test_1407,0
946,test_1409,0
947,test_1410,1
948,test_1413,1
949,test_1414,0
950,test_1415,0
951,test_1416,0
952,test_1420,0
953,test_1421,1
954,test_1422,0
955,test_1423,0
956,test_1424,1
957,test_1425,0
958,test_1428,1
959,test_1430,1
960,test_1434,0
961,test_1435,0
962,test_1436,1
963,test_1438,0
964,test_1440,1
965,test_1443,0
966,test_1444,0
967,test_1445,0
968,test_1446,1
969,test_1447,1
970,test_1449,1
971,test_1450,1
972,test_1451,0
973,test_1453,1
974,test_1454,1
975,test_1455,1
976,test_1457,0
977,test_1458,1
978,test_1459,0
979,test_1461,0
980,test_1464,0
981,test_1465,0
982,test_1466,0
983,test_1467,0
984,test_1468,1
985,test_1469,0
986,test_1470,1
987,test_1471,0
988,test_1472,0
989,test_1473,0
990,test_1474,1
991,test_1475,0
992,test_1476,0
993,test_1477,1
994,test_1480,0
995,test_1482,1
996,test_1483,0
997,test_1485,0
998,test_1486,0
999,test_1489,1
1000,test_1490,0
1001,test_1492,0
1002,test_1493,0
1003,test_1494,0
1004,test_1495,1
1005,test_1497,0
1006,test_1501,1
1007,test_1502,1
1008,test_1503,0
1009,test_1505,0
1010,test_1506,0
1011,test_1509,0
1012,test_1512,0
1013,test_1513,0
1014,test_1515,0
1015,test_1516,1
1016,test_1520,0
1017,test_1521,0
1018,test_1523,0
1019,test_1524,0
1020,test_1525,1
1021,test_1526,1
1022,test_1527,1
1023,test_1528,0
1024,test_1529,1
1025,test_1530,1
1026,test_1531,1
1027,test_1532,0
1028,test_1533,1
1029,test_1534,1
1030,test_1535,1
1031,test_1537,0
1032,test_1541,1
1033,test_1542,0
1034,test_1544,0
1035,test_1546,0
1036,test_1548,0
1037,test_1549,0
1038,test_1554,0
1039,test_1555,0
1040,test_1557,0
1041,test_1559,1
1042,test_1560,1
1043,test_1562,0
1044,test_1563,0
1045,test_1564,0
1046,test_1566,0
1047,test_1567,0
1048,test_1568,0
1049,test_1569,0
1050,test_1570,1
1051,test_1571,1
1052,test_1572,0
1053,test_1575,0
1054,test_1576,0
1055,test_1577,1
1056,test_1578,1
1057,test_1580,1
1058,test_1581,0
1059,test_1582,0
1060,test_1583,1
1061,test_1586,0
1062,test_1587,0
1063,test_1588,0
1064,test_1592,0
1065,test_1593,0
1066,test_1595,0
1067,test_1600,0
1068,test_1601,1
1069,test_1602,1
1070,test_1603,1
1071,test_1606,0
1072,test_1607,0
1073,test_1608,1
1074,test_1609,1
1075,test_1610,1
1076,test_1611,0
1077,test_1612,0
1078,test_1613,0
1079,test_1614,1
1080,test_1617,0
1081,test_1618,0
1082,test_1619,0
1083,test_1620,0
1084,test_1621,0
1085,test_1622,1
1086,test_1624,0
1087,test_1625,0
1088,test_1627,1
1089,test_1628,0
1090,test_1631,0
1091,test_1632,0
1092,test_1634,1
1093,test_1636,0
1094,test_1639,1
1095,test_1641,0
1096,test_1643,1
1097,test_1646,0
1098,test_1648,0
1099,test_1649,0
1100,test_1650,0
1101,test_1652,1
1102,test_1653,1
1103,test_1655,1
1104,test_1657,1
1105,test_1658,1
1106,test_1659,1
1107,test_1660,0
1108,test_1661,0
1109,test_1662,0
1110,test_1663,0
1111,test_1664,1
1112,test_1665,0
1113,test_1666,0
1114,test_1667,0
1115,test_1669,0
1116,test_1670,1
1117,test_1671,0
1118,test_1672,0
1119,test_1674,1
1120,test_1677,0
1121,test_1678,1
1122,test_1679,1
1123,test_1681,0
1124,test_1683,0
1125,test_1684,0
1126,test_1685,1
1127,test_1687,0
1128,test_1688,0
1129,test_1690,1
1130,test_1692,0
1131,test_1696,1
1132,test_1697,0
1133,test_1698,1
1134,test_1699,1
1135,test_1704,1
1136,test_1705,0
1137,test_1707,1
1138,test_1708,1
1139,test_1709,1
1140,test_1710,1
1141,test_1712,1
1142,test_1713,1
1143,test_1715,1
1144,test_1716,0
1145,test_1717,0
1146,test_1721,0
1147,test_1723,0
1148,test_1724,0
1149,test_1725,1
1150,test_1726,1
1151,test_1727,0
1152,test_1728,0
1153,test_1729,0
1154,test_1730,1
1155,test_1731,0
1156,test_1733,0
1157,test_1734,0
1158,test_1735,0
1159,test_1736,0
1160,test_1737,0
1161,test_1738,0
1162,test_1740,1
1163,test_1743,0
1164,test_1744,0
1165,test_1745,1
1166,test_1747,0
1167,test_1748,0
1168,test_1750,0
1169,test_1751,0
1170,test_1752,0
1171,test_1753,0
1172,test_1754,1
1173,test_1756,0
1174,test_1757,1
1175,test_1759,1
1176,test_1760,0
1177,test_1762,1
1178,test_1763,0
1179,test_1764,0
1180,test_1765,1
1181,test_1766,1
1182,test_1767,1
1183,test_1768,0
1184,test_1769,1
1185,test_1771,0
1186,test_1772,0
1187,test_1773,0
1188,test_1774,1
1189,test_1775,0
1190,test_1776,0
1191,test_1777,0
1192,test_1779,1
1193,test_1781,0
1194,test_1784,0
1195,test_1785,1
1196,test_1786,1
1197,test_1787,1
1198,test_1788,0
1199,test_1790,0
1200,test_1792,0
1201,test_1794,0
1202,test_1795,1
1203,test_1797,0
1204,test_1799,1
1205,test_1804,0
1206,test_1806,0
1207,test_1808,0
1208,test_1809,1
1209,test_1811,0
1210,test_1812,0
1211,test_1813,1
1212,test_1814,1
1213,test_1815,0
1214,test_1816,1
1215,test_1818,1
1216,test_1819,0
1217,test_1820,0
1218,test_1821,0
1219,test_1823,0
1220,test_1824,1
1221,test_1825,0
1222,test_1827,0
1223,test_1828,0
1224,test_1829,0
1225,test_1830,0
1226,test_1831,0
1227,test_1832,1
1228,test_1833,0
1229,test_1836,0
1230,test_1837,1
1231,test_1838,0
1232,test_1840,0
1233,test_1841,0
1234,test_1843,0
1235,test_1844,0
1236,test_1846,1
1237,test_1847,1
1238,test_1848,0
1239,test_1850,0
1240,test_1851,1
1241,test_1852,0
1242,test_1853,1
1243,test_1854,0
1244,test_1856,0
1245,test_1858,1
1246,test_1860,0
1247,test_1864,0
1248,test_1866,0
1249,test_1867,1
1250,test_1868,0
1251,test_1870,0
1252,test_1872,1
1253,test_1873,1
1254,test_1874,0
1255,test_1876,0
1256,test_1877,1
1257,test_1878,0
1258,test_1879,0
1259,test_1880,0
1260,test_1882,1
1261,test_1886,0
1262,test_1887,0
1263,test_1888,0
1264,test_1892,0
1265,test_1896,0
1266,test_1897,1
1267,test_1898,0
1268,test_1899,1
1269,test_1900,0
1270,test_1902,0
1271,test_1904,0
1272,test_1905,0
1273,test_1906,1
1274,test_1907,1
1275,test_1909,0
1276,test_1911,1
1277,test_1914,1
1278,test_1915,1
1279,test_1918,0
1280,test_1921,1
1281,test_1922,0
1282,test_1927,1
1283,test_1928,0
1284,test_1930,0
1285,test_1931,0
1286,test_1932,0
1287,test_1933,1
1288,test_1934,1
1289,test_1935,1
1290,test_1937,1
1291,test_1938,1
1292,test_1939,1
1293,test_1941,1
1294,test_1942,0
1295,test_1943,1
1296,test_1945,0
1297,test_1946,1
1298,test_1947,1
1299,test_1948,1
1300,test_1949,1
1301,test_1951,0
1302,test_1952,0
1303,test_1954,0
1304,test_1955,0
1305,test_1956,0
1306,test_1957,0
1307,test_1959,1
1308,test_1960,0
1309,test_1961,1
1310,test_1967,0
1311,test_1969,0
1312,test_1970,1
1313,test_1971,0
1314,test_1972,1
1315,test_1973,0
1316,test_1975,1
1317,test_1976,0
1318,test_1977,0
1319,test_1978,1
1320,test_1979,0
1321,test_1980,0
1322,test_1982,1
1323,test_1983,0
1324,test_1984,0
1325,test_1985,1
1326,test_1986,0
1327,test_1987,1
1328,test_1988,0
1329,test_1989,1
1330,test_1990,1
1331,test_1991,0
1332,test_1992,0
1333,test_1993,1
1334,test_1994,1
1335,test_1996,0
1336,test_1999,1
1337,test_2000,0
1338,test_2002,0
1339,test_2004,0
1340,test_2005,0
1341,test_2007,0
1342,test_2010,1
1343,test_2011,1
1344,test_2012,1
1345,test_2014,0
1346,test_2015,0
1347,test_2016,1
1348,test_2017,1
1349,test_2018,1
1350,test_2019,1
1351,test_2020,0
1352,test_2021,0
1353,test_2022,0
1354,test_2023,0
1355,test_2024,1
1356,test_2026,0
1357,test_2027,1
1358,test_2028,0
1359,test_2030,1
1360,test_2031,0
1361,test_2032,1
1362,test_2034,1
1363,test_2035,0
1364,test_2036,1
1365,test_2037,0
1366,test_2038,1
1367,test_2039,1
1368,test_2041,0
1369,test_2043,0
1370,test_2044,0
1371,test_2046,1
1372,test_2049,1
1373,test_2051,1
1374,test_2052,0
1375,test_2053,1
1376,test_2054,0
1377,test_2055,1
1378,test_2058,1
1379,test_2060,1
1380,test_2061,1
1381,test_2063,0
1382,test_2064,1
1383,test_2065,0
1384,test_2066,0
1385,test_2070,0
1386,test_2071,1
1387,test_2073,1
1388,test_2074,1
1389,test_2076,1
1390,test_2077,1
1391,test_2078,0
1392,test_2079,0
1393,test_2080,1
1394,test_2081,1
1395,test_2082,0
1396,test_2084,0
1397,test_2086,1
1398,test_2087,0
1399,test_2088,0
1400,test_2093,0
1401,test_2094,1
1402,test_2095,0
1403,test_2096,1
1404,test_2097,0
1405,test_2098,1
1406,test_2099,1
1407,test_2100,0
1408,test_2101,0
1409,test_2102,0
1410,test_2104,1
1411,test_2106,0
1412,test_2111,1
1413,test_2113,0
1414,test_2114,0
1415,test_2116,0
1416,test_2117,0
1417,test_2119,0
1418,test_2121,1
1419,test_2122,0
1420,test_2124,0
1421,test_2125,0
1422,test_2126,0
1423,test_2127,0
1424,test_2128,0
1425,test_2129,1
1426,test_2130,0
1427,test_2131,1
1428,test_2133,1
1429,test_2134,0
1430,test_2135,0
1431,test_2138,1
1432,test_2139,0
1433,test_2140,0
1434,test_2141,0
1435,test_2143,0
1436,test_2145,1
1437,test_2147,1
1438,test_2148,0
1439,test_2151,1
1440,test_2153,1
1441,test_2155,0
1442,test_2157,0
1443,test_2158,1
1444,test_2159,0
1445,test_2160,1
1446,test_2161,0
1447,test_2162,1
1448,test_2163,0
1449,test_2164,0
1450,test_2166,1
1451,test_2168,0
1452,test_2169,0
1453,test_2170,1
1454,test_2172,0
1455,test_2173,1
1456,test_2174,0
1457,test_2176,0
1458,test_2177,1
1459,test_2179,1
1460,test_2180,0
1461,test_2181,0
1462,test_2182,0
1463,test_2183,0
1464,test_2186,1
1465,test_2187,0
1466,test_2188,0
1467,test_2189,0
1468,test_2190,0
1469,test_2192,0
1470,test_2193,0
1471,test_2195,0
1472,test_2197,1
1473,test_2198,1
1474,test_2199,1
1475,test_2200,0
1476,test_2202,0
1477,test_2203,0
1478,test_2206,1
1479,test_2207,0
1480,test_2209,0
1481,test_2211,0
1482,test_2213,0
1483,test_2214,1
1484,test_2215,1
1485,test_2216,1
1486,test_2218,0
1487,test_2219,0
1488,test_2220,1
1489,test_2221,0
1490,test_2222,1
1491,test_2224,1
1492,test_2226,1
1493,test_2227,0
1494,test_2228,0
1495,test_2229,0
1496,test_2230,0
1497,test_2231,1
1498,test_2233,1
1499,test_2234,1
1500,test_2235,0
1501,test_2236,0
1502,test_2237,1
1503,test_2239,1
1504,test_2241,0
1505,test_2242,1
1506,test_2245,0
1507,test_2246,0
1508,test_2247,0
1509,test_2249,1
1510,test_2251,0
1511,test_2252,0
1512,test_2254,1
1513,test_2255,1
1514,test_2256,0
1515,test_2259,1
1516,test_2260,1
1517,test_2261,1
1518,test_2264,0
1519,test_2265,0
1520,test_2266,1
1521,test_2267,0
1522,test_2268,0
1523,test_2270,0
1524,test_2273,0
1525,test_2274,1
1526,test_2275,0
1527,test_2278,1
1528,test_2279,0
1529,test_2280,1
1530,test_2282,1
1531,test_2283,0
1532,test_2285,0
1533,test_2287,0
1534,test_2290,0
1535,test_2293,0
1536,test_2295,0
1537,test_2299,0
1538,test_2300,0
1539,test_2302,0
1540,test_2303,1
1541,test_2306,0
1542,test_2309,0
1543,test_2312,0
1544,test_2314,0
1545,test_2315,0
1546,test_2316,0
1547,test_2317,0
1548,test_2319,0
1549,test_2320,1
1550,test_2322,1
1551,test_2323,1
1552,test_2326,0
1553,test_2328,0
1554,test_2330,0
1555,test_2332,1
1556,test_2333,1
1557,test_2334,1
1558,test_2335,1
1559,test_2337,0
1560,test_2338,0
1561,test_2339,0
1562,test_2340,0
1563,test_2341,0
1564,test_2343,0
1565,test_2344,1
1566,test_2345,0
1567,test_2346,1
1568,test_2348,0
1569,test_2349,0
1570,test_2352,1
1571,test_2353,0
1572,test_2354,0
1573,test_2356,1
1574,test_2357,0
1575,test_2358,0
1576,test_2362,0
1577,test_2364,0
1578,test_2365,0
1579,test_2367,1
1580,test_2368,1
1581,test_2371,1
1582,test_2373,1
1583,test_2374,0
1584,test_2375,1
1585,test_2377,1
1586,test_2378,0
1587,test_2379,0
1588,test_2380,1
1589,test_2381,0
1590,test_2382,0
1591,test_2385,0
1592,test_2386,0
1593,test_2389,1
1594,test_2390,0
1595,test_2391,0
1596,test_2393,0
1597,test_2394,0
1598,test_2396,1
1599,test_2400,0
1600,test_2401,0
1601,test_2402,0
1602,test_2404,1
1603,test_2405,0
1604,test_2406,0
1605,test_2407,1
1606,test_2409,0
1607,test_2410,1
1608,test_2412,0
1609,test_2413,1
1610,test_2414,1
1611,test_2416,0
1612,test_2417,0
1613,test_2418,0
1614,test_2420,0
1615,test_2423,0
1616,test_2424,0
1617,test_2425,1
1618,test_2426,0
1619,test_2428,0
1620,test_2429,1
1621,test_2430,0
1622,test_2431,0
1623,test_2433,1
1624,test_2434,0
1625,test_2435,0
1626,test_2436,1
1627,test_2437,0
1628,test_2438,0
1629,test_2439,0
1630,test_2440,1
1631,test_2441,1
1632,test_2443,0
1633,test_2444,0
1634,test_2446,0
1635,test_2447,1
1636,test_2448,1
1637,test_2449,1
1638,test_2450,0
1639,test_2451,0
1640,test_2452,0
1641,test_2453,0
1642,test_2454,0
1643,test_2455,1
1644,test_2456,1
1645,test_2457,1
1646,test_2458,1
1647,test_2459,0
1648,test_2460,1
1649,test_2462,0
1650,test_2464,0
1651,test_2468,0
1652,test_2470,1
1653,test_2471,1
1654,test_2473,0
1655,test_2475,0
1656,test_2476,0
1657,test_2477,0
1658,test_2481,0
1659,test_2482,1
1660,test_2484,0
1661,test_2485,1
1662,test_2486,1
1663,test_2487,0
1664,test_2489,0
1665,test_2492,1
1666,test_2493,1
1667,test_2494,1
1668,test_2495,0
1669,test_2496,1
1670,test_2497,0
1671,test_2499,1
1672,test_2500,1
1673,test_2502,0
1674,test_2503,0
1675,test_2504,0
1676,test_2505,0
1677,test_2506,1
1678,test_2509,0
1679,test_2510,0
1680,test_2511,0
1681,test_2513,1
1682,test_2516,1
1683,test_2517,1
1684,test_2518,1
1685,test_2520,1
1686,test_2523,0
1687,test_2524,1
1688,test_2525,0
1689,test_2528,0
1690,test_2531,0
1691,test_2532,0
1692,test_2533,0
1693,test_2534,1
1694,test_2535,0
1695,test_2537,1
1696,test_2540,1
1697,test_2541,1
1698,test_2542,0
1699,test_2544,1
1700,test_2545,1
1701,test_2547,1
1702,test_2549,1
1703,test_2553,0
1704,test_2556,0
1705,test_2557,0
1706,test_2558,0
1707,test_2560,0
1708,test_2561,0
1709,test_2562,0
1710,test_2563,0
1711,test_2564,0
1712,test_2565,0
1713,test_2566,0
1714,test_2567,1
1715,test_2571,0
1716,test_2572,0
1717,test_2574,0
1718,test_2575,1
1719,test_2576,0
1720,test_2577,1
1721,test_2578,0
1722,test_2579,0
1723,test_2581,1
1724,test_2582,1
1725,test_2583,0
1726,test_2584,0
1727,test_2585,0
1728,test_2586,0
1729,test_2587,1
1730,test_2588,0
1731,test_2590,0
1732,test_2593,0
1733,test_2595,1
1734,test_2596,1
1735,test_2597,1
1736,test_2598,0
1737,test_2600,1
1738,test_2602,1
1739,test_2603,0
1740,test_2604,1
1741,test_2605,1
1742,test_2606,0
1743,test_2608,0
1744,test_2610,1
1745,test_2611,1
1746,test_2612,1
1747,test_2613,1
1748,test_2614,1
1749,test_2616,0
1750,test_2617,0
1751,test_2620,0
1752,test_2623,0
1753,test_2624,1
1754,test_2625,0
1755,test_2626,0
1756,test_2629,0
1757,test_2632,0
1758,test_2634,1
1759,test_2635,0
1760,test_2638,0
1761,test_2639,1
1762,test_2640,0
1763,test_2641,0
1764,test_2642,1
1765,test_2643,0
1766,test_2646,0
1767,test_2648,0
1768,test_2649,1
1769,test_2651,1
1770,test_2652,1
1771,test_2653,1
1772,test_2654,0
1773,test_2656,0
1774,test_2659,1
1775,test_2662,0
1776,test_2663,0
1777,test_2664,0
1778,test_2665,1
1779,test_2669,0
1780,test_2671,1
1781,test_2673,1
1782,test_2676,0
1783,test_2677,1
1784,test_2678,0
1785,test_2681,0
1786,test_2682,0
1787,test_2683,0
1788,test_2685,1
1789,test_2686,1
1790,test_2687,0
1791,test_2689,0
1792,test_2693,0
1793,test_2694,1
1794,test_2696,0
1795,test_2699,0
1796,test_2700,0
1797,test_2701,1
1798,test_2702,1
1799,test_2703,0
1800,test_2704,1
1801,test_2705,1
1802,test_2707,0
1803,test_2708,0
1804,test_2709,0
1805,test_2710,1
1806,test_2711,1
1807,test_2712,1
1808,test_2713,0
1809,test_2714,0
1810,test_2715,0
1811,test_2716,0
1812,test_2717,1
1813,test_2718,1
1814,test_2721,1
1815,test_2722,0
1816,test_2723,0
1817,test_2724,0
1818,test_2725,1
1819,test_2726,0
1820,test_2727,1
1821,test_2728,0
1822,test_2729,0
1823,test_2731,0
1824,test_2732,1
1825,test_2733,1
1826,test_2735,1
1827,test_2736,1
1828,test_2739,1
1829,test_2740,0
1830,test_2741,0
1831,test_2742,0
1832,test_2743,0
1833,test_2746,1
1834,test_2748,0
1835,test_2749,1
1836,test_2750,1
1837,test_2751,1
1838,test_2752,0
1839,test_2753,1
1840,test_2754,0
1841,test_2755,0
1842,test_2756,1
1843,test_2757,0
1844,test_2758,1
1845,test_2759,1
1846,test_2761,0
1847,test_2762,0
1848,test_2766,0
1849,test_2772,0
1850,test_2773,1
1851,test_2774,0
1852,test_2775,1
1853,test_2776,1
1854,test_2780,1
1855,test_2782,1
1856,test_2783,1
1857,test_2784,0
1858,test_2785,1
1859,test_2787,1
1860,test_2788,0
1861,test_2789,1
1862,test_2791,1
1863,test_2792,0
1864,test_2794,0
1865,test_2795,0
1866,test_2796,0
1867,test_2798,0
1868,test_2800,0
1869,test_2801,0
1870,test_2802,1
1871,test_2804,0
1872,test_2805,0
1873,test_2809,0
1874,test_2813,1
1875,test_2816,0
1876,test_2819,0
1877,test_2820,1
1878,test_2821,1
1879,test_2823,0
1880,test_2824,0
1881,test_2825,0
1882,test_2826,1
1883,test_2827,0
1884,test_2829,0
1885,test_2830,1
1886,test_2831,0
1887,test_2832,1
1888,test_2833,1
1889,test_2834,0
1890,test_2838,0
1891,test_2839,1
1892,test_2840,1
1893,test_2842,0
1894,test_2843,0
1895,test_2845,0
1896,test_2846,0
1897,test_2848,1
1898,test_2849,1
1899,test_2851,0
1900,test_2852,0
1901,test_2853,0
1902,test_2854,0
1903,test_2855,0
1904,test_2856,1
1905,test_2857,0
1906,test_2858,1
1907,test_2860,0
1908,test_2861,1
1909,test_2862,0
1910,test_2864,0
1911,test_2866,0
1912,test_2867,1
1913,test_2874,0
1914,test_2875,0
1915,test_2876,0
1916,test_2877,1
1917,test_2879,1
1918,test_2880,0
1919,test_2881,1
1920,test_2882,0
1921,test_2883,1
1922,test_2884,0
1923,test_2885,0
1924,test_2886,0
1925,test_2888,0
1926,test_2889,0
1927,test_2890,1
1928,test_2893,1
1929,test_2894,1
1930,test_2895,1
1931,test_2896,0
1932,test_2897,1
1933,test_2899,1
1934,test_2900,0
1935,test_2901,1
1936,test_2902,0
1937,test_2905,1
1938,test_2906,0
1939,test_2907,1
1940,test_2910,0
1941,test_2911,1
1942,test_2912,1
1943,test_2913,1
1944,test_2914,0
1945,test_2916,0
1946,test_2917,1
1947,test_2918,0
1948,test_2920,1
1949,test_2921,1
1950,test_2924,1
1951,test_2925,1
1952,test_2926,0
1953,test_2927,1
1954,test_2929,0
1955,test_2930,1
1956,test_2931,0
1957,test_2932,1
1958,test_2934,1
1959,test_2936,0
1960,test_2937,1
1961,test_2940,1
